file,gpu_label,gpu_name,torch,row_id,kind,endpoint,batch,dense_autocast_ips,dense_bf16_ips,sparse_ips,speedup_vs_dense_autocast,speedup_vs_dense_bf16,error,native_conv_ips,dense_im2col_ips,sparse_im2col_ips,speedup_vs_dense_im2col,speedup_vs_native_conv,equiv_max_abs_diff,equiv_mean_abs_diff
data\runpod_a40_deploy_audit_20260512\linear_sweep_a40_b64.json,A40,NVIDIA A40,2.4.1+cu124,vitb_cast_24_tome,linear_2_4,linear_native_2_4,64,1191.8034783491407,1602.7849905517437,1654.543676723073,1.388268877193503,1.032292969098439,,,,,,,,
data\runpod_a40_deploy_audit_20260512\linear_sweep_a40_b64.json,A40,NVIDIA A40,2.4.1+cu124,vitl_cast_24_tome,linear_2_4,linear_native_2_4,64,620.8190813579647,816.5759920598899,865.5668703837908,1.3942336767266732,1.0599954919080057,,,,,,,,
data\runpod_a40_deploy_audit_20260512\linear_sweep_a40_b64.json,A40,NVIDIA A40,2.4.1+cu124,deitb_cast_24_tome,linear_2_4,linear_native_2_4,64,1189.5588748195603,1590.4433191101862,1646.686176298075,1.3842830406757753,1.035363006346781,,,,,,,,
data\runpod_a40_deploy_audit_20260512\linear_sweep_a40_b64.json,A40,NVIDIA A40,2.4.1+cu124,deits_cast_24_tome,linear_2_4,linear_native_2_4,64,2532.8367213570136,3464.868422350189,3446.1813266394843,1.360601454322381,0.9946066939829047,,,,,,,,
data\runpod_a40_deploy_audit_20260512\linear_sweep_a40_b64.json,A40,NVIDIA A40,2.4.1+cu124,deitt_cast_24_tome,linear_2_4,linear_native_2_4,64,4056.6922515836154,4802.693447032161,3962.259474350238,0.9767217300754049,0.825007783246863,,,,,,,,
data\runpod_a40_deploy_audit_20260512\linear_sweep_a40_b64.json,A40,NVIDIA A40,2.4.1+cu124,convnextv2_cast_24,linear_2_4,linear_native_2_4,64,499.2899858663797,797.4851946405425,646.5245101773794,1.2948877976302988,0.8107040914644102,,,,,,,,
data\runpod_a40_deploy_audit_20260512\linear_full_a40_b128_with_dense_bf16.json,A40,NVIDIA A40,2.4.1+cu124,vitb_magnitude_24_tome,linear_2_4,,,,,,,,FileNotFoundError('C:\\Users\\owner\\Downloads\\cast_2e_resnet_review\\github_archive\\pod1_complete\\best_pod1_ckpts\\ckpts\\vitb\\D24_dense_perm.pt'),,,,,,,
data\runpod_a40_deploy_audit_20260512\linear_full_a40_b128_with_dense_bf16.json,A40,NVIDIA A40,2.4.1+cu124,vitb_cast_24_tome,linear_2_4,linear_native_2_4,128,1246.8787371228932,1657.5130353220502,1695.8249553546498,1.3600560382220297,1.0231140987830336,,,,,,,,
data\runpod_a40_deploy_audit_20260512\linear_full_a40_b128_with_dense_bf16.json,A40,NVIDIA A40,2.4.1+cu124,vitl_cast_24_tome,linear_2_4,linear_native_2_4,128,658.2805800783091,858.389636341059,897.2307282246263,1.3629913373988516,1.0452487894065565,,,,,,,,
data\runpod_a40_deploy_audit_20260512\linear_full_a40_b128_with_dense_bf16.json,A40,NVIDIA A40,2.4.1+cu124,deitb_cast_24_tome,linear_2_4,linear_native_2_4,128,1238.750026719133,1650.4462428680504,1689.2965756716735,1.363710627030884,1.0235392900383784,,,,,,,,
data\runpod_a40_deploy_audit_20260512\linear_full_a40_b128_with_dense_bf16.json,A40,NVIDIA A40,2.4.1+cu124,deits_cast_24_tome,linear_2_4,linear_native_2_4,128,2708.55353568278,3734.586653114857,3715.5642310733615,1.371789105189952,0.9949064183513777,,,,,,,,
data\runpod_a40_deploy_audit_20260512\linear_full_a40_b128_with_dense_bf16.json,A40,NVIDIA A40,2.4.1+cu124,deitt_cast_24_tome,linear_2_4,linear_native_2_4,128,5158.414786383937,7035.125853151868,6859.3754152389265,1.3297448342744396,0.9750181529681943,,,,,,,,
data\runpod_a40_deploy_audit_20260512\linear_full_a40_b128_with_dense_bf16.json,A40,NVIDIA A40,2.4.1+cu124,convnextv2_cast_24,linear_2_4,linear_native_2_4,128,512.1450098083802,817.9035749097305,643.4829881543046,1.2564468574926946,0.7867467607356086,,,,,,,,
data\runpod_a40_deploy_audit_20260512\linear_sweep_a40_b256.json,A40,NVIDIA A40,2.4.1+cu124,vitb_cast_24_tome,linear_2_4,linear_native_2_4,256,1277.859347709834,1709.6588827593869,1679.4802677623873,1.3142919608267796,0.9823481658819031,,,,,,,,
data\runpod_a40_deploy_audit_20260512\linear_sweep_a40_b256.json,A40,NVIDIA A40,2.4.1+cu124,vitl_cast_24_tome,linear_2_4,linear_native_2_4,256,674.4242072441883,875.3240880014683,887.0250634621596,1.315233133589161,1.0133675922107968,,,,,,,,
data\runpod_a40_deploy_audit_20260512\linear_sweep_a40_b256.json,A40,NVIDIA A40,2.4.1+cu124,deitb_cast_24_tome,linear_2_4,linear_native_2_4,256,1272.408621369417,1701.544930572952,1672.7683655926435,1.3146471483290827,0.983087978187788,,,,,,,,
data\runpod_a40_deploy_audit_20260512\linear_sweep_a40_b256.json,A40,NVIDIA A40,2.4.1+cu124,deits_cast_24_tome,linear_2_4,linear_native_2_4,256,2809.2023676731733,3903.3356955767727,3831.1854411347035,1.3637983098768445,0.9815157444634267,,,,,,,,
data\runpod_a40_deploy_audit_20260512\linear_sweep_a40_b256.json,A40,NVIDIA A40,2.4.1+cu124,deitt_cast_24_tome,linear_2_4,linear_native_2_4,256,5529.24568145502,7636.109064053316,7281.173383502781,1.3168475056052749,0.953518778009421,,,,,,,,
data\runpod_a40_deploy_audit_20260512\linear_sweep_a40_b256.json,A40,NVIDIA A40,2.4.1+cu124,convnextv2_cast_24,linear_2_4,linear_native_2_4,256,517.1674127998289,826.0123838719675,641.9273689022658,1.2412370791636202,0.7771401269956808,,,,,,,,
data\runpod_a40_deploy_audit_20260512\conv_all_a40_b128.json,A40,NVIDIA A40,2.4.1+cu124,resnet50_cast_conv_perm,conv_flat_2_4,conv_im2col_native_2_4,128,,,,,,,1824.37647460015,469.4555085754765,797.9280106698491,1.6996882475425519,0.4373702587042686,,
data\runpod_a40_deploy_audit_20260512\conv_all_a40_b128.json,A40,NVIDIA A40,2.4.1+cu124,resnet50d_cast_conv_perm,conv_flat_2_4,conv_im2col_native_2_4,128,,,,,,,1790.0259484804155,445.186249815448,666.1859907619057,1.4964208598941975,0.37216554951476694,,
data\runpod_a40_deploy_audit_20260512\conv_all_a40_b128.json,A40,NVIDIA A40,2.4.1+cu124,resnet101d_cast_conv_perm,conv_flat_2_4,conv_im2col_native_2_4,128,,,,,,,937.9275706960026,228.21874198449288,357.76801014711435,1.5676539404087335,0.38144524302833693,,
data\runpod_a40_deploy_audit_20260512\conv_all_a40_b128.json,A40,NVIDIA A40,2.4.1+cu124,resnet152d_cast_conv_perm,conv_flat_2_4,conv_im2col_native_2_4,128,,,,,,,670.4319385075931,159.94641687648738,258.6874187111812,1.617338004582765,0.38585187228256035,,
data\runpod_a40_deploy_audit_20260512\conv_all_equiv_a40_b2.json,A40,NVIDIA A40,2.4.1+cu124,resnet50_cast_conv_perm,conv_flat_2_4,conv_im2col_native_2_4,2,,,,,,,212.8579842805064,192.22016623776963,151.26688555617747,0.7869459719906059,0.7106469887304601,0.005865573883056641,0.0009423462324775755
data\runpod_a40_deploy_audit_20260512\conv_all_equiv_a40_b2.json,A40,NVIDIA A40,2.4.1+cu124,resnet50d_cast_conv_perm,conv_flat_2_4,conv_im2col_native_2_4,2,,,,,,,221.83572737064063,172.27122281852422,142.66083928832845,0.8281176446899187,0.6430922601117913,0.00866079330444336,0.0012164326617494226
data\runpod_a40_deploy_audit_20260512\conv_all_equiv_a40_b2.json,A40,NVIDIA A40,2.4.1+cu124,resnet101d_cast_conv_perm,conv_flat_2_4,conv_im2col_native_2_4,2,,,,,,,112.56798946564514,100.96914689324998,78.73311715644853,0.7797740159148756,0.699427230869014,0.01594233512878418,0.0020946254953742027
data\runpod_a40_deploy_audit_20260512\conv_all_equiv_a40_b2.json,A40,NVIDIA A40,2.4.1+cu124,resnet152d_cast_conv_perm,conv_flat_2_4,conv_im2col_native_2_4,2,,,,,,,95.92686630328403,67.69864593798505,52.2490944644988,0.7717893576831845,0.5446763401955316,0.006002902984619141,0.0009073020773939788
data\runpod_a100_deploy_audit_20260512\linear_sweep_a100_b64.json,A100,NVIDIA A100 80GB PCIe,2.4.1+cu124,vitb_cast_24_tome,linear_2_4,linear_native_2_4,64,2199.3877202083695,2692.862821656794,2282.9382262722297,1.0379880751793706,0.8477736808247972,,,,,,,,
data\runpod_a100_deploy_audit_20260512\linear_sweep_a100_b64.json,A100,NVIDIA A100 80GB PCIe,2.4.1+cu124,vitl_cast_24_tome,linear_2_4,linear_native_2_4,64,1163.2019152337136,1408.3872549184207,1434.407440765622,1.233154297616005,1.018475164239333,,,,,,,,
data\runpod_a100_deploy_audit_20260512\linear_sweep_a100_b64.json,A100,NVIDIA A100 80GB PCIe,2.4.1+cu124,deitb_cast_24_tome,linear_2_4,linear_native_2_4,64,2201.2855318379143,2335.3572742999586,2426.619076983958,1.102364523768939,1.03907830450112,,,,,,,,
data\runpod_a100_deploy_audit_20260512\linear_sweep_a100_b64.json,A100,NVIDIA A100 80GB PCIe,2.4.1+cu124,deits_cast_24_tome,linear_2_4,linear_native_2_4,64,3259.4524872238812,3695.1638126168386,3134.4818220564107,0.9616590008115413,0.8482659987505765,,,,,,,,
data\runpod_a100_deploy_audit_20260512\linear_sweep_a100_b64.json,A100,NVIDIA A100 80GB PCIe,2.4.1+cu124,deitt_cast_24_tome,linear_2_4,linear_native_2_4,64,3262.004230518284,3656.6813401367317,2960.3315909826183,0.9075192371875819,0.8095678336772776,,,,,,,,
data\runpod_a100_deploy_audit_20260512\linear_sweep_a100_b64.json,A100,NVIDIA A100 80GB PCIe,2.4.1+cu124,convnextv2_cast_24,linear_2_4,linear_native_2_4,64,988.7989038659612,1497.8131914334974,1113.0403768990006,1.1256488781968566,0.7431102778803503,,,,,,,,
data\runpod_a100_deploy_audit_20260512\linear_a100_b128_with_dense_bf16.json,A100,NVIDIA A100 80GB PCIe,2.4.1+cu124,vitb_cast_24_tome,linear_2_4,linear_native_2_4,128,2385.2230672710753,2876.141792119101,2660.848306756318,1.115555330345092,0.9251450377193825,,,,,,,,
data\runpod_a100_deploy_audit_20260512\linear_a100_b128_with_dense_bf16.json,A100,NVIDIA A100 80GB PCIe,2.4.1+cu124,vitl_cast_24_tome,linear_2_4,linear_native_2_4,128,1266.0022774466715,1500.5912129830015,1524.9946791305524,1.2045749887640234,1.016262567670938,,,,,,,,
data\runpod_a100_deploy_audit_20260512\linear_a100_b128_with_dense_bf16.json,A100,NVIDIA A100 80GB PCIe,2.4.1+cu124,deitb_cast_24_tome,linear_2_4,linear_native_2_4,128,2375.9742066303374,2852.676387949812,2807.6952653114026,1.1817027548010894,0.9842319574598727,,,,,,,,
data\runpod_a100_deploy_audit_20260512\linear_a100_b128_with_dense_bf16.json,A100,NVIDIA A100 80GB PCIe,2.4.1+cu124,deits_cast_24_tome,linear_2_4,linear_native_2_4,128,4723.933403166982,5339.712558510766,5599.22962774338,1.185289704547822,1.0486013182149625,,,,,,,,
data\runpod_a100_deploy_audit_20260512\linear_a100_b128_with_dense_bf16.json,A100,NVIDIA A100 80GB PCIe,2.4.1+cu124,deitt_cast_24_tome,linear_2_4,linear_native_2_4,128,6603.275136250819,7750.736439258797,6288.991599682368,0.9524049005859094,0.8114056837009136,,,,,,,,
data\runpod_a100_deploy_audit_20260512\linear_a100_b128_with_dense_bf16.json,A100,NVIDIA A100 80GB PCIe,2.4.1+cu124,convnextv2_cast_24,linear_2_4,linear_native_2_4,128,1022.3150894555317,1529.1081172703368,1115.2548944830692,1.090911115355869,0.7293499275080357,,,,,,,,
data\runpod_a100_deploy_audit_20260512\linear_sweep_a100_b256.json,A100,NVIDIA A100 80GB PCIe,2.4.1+cu124,vitb_cast_24_tome,linear_2_4,linear_native_2_4,256,2403.3377558218363,2991.933724269313,2834.2261726276097,1.1792874995459923,0.9472890892059387,,,,,,,,
data\runpod_a100_deploy_audit_20260512\linear_sweep_a100_b256.json,A100,NVIDIA A100 80GB PCIe,2.4.1+cu124,vitl_cast_24_tome,linear_2_4,linear_native_2_4,256,1333.65336786463,1576.7199919214934,1548.6636382714655,1.1612190060683443,0.9822058743506914,,,,,,,,
data\runpod_a100_deploy_audit_20260512\linear_sweep_a100_b256.json,A100,NVIDIA A100 80GB PCIe,2.4.1+cu124,deitb_cast_24_tome,linear_2_4,linear_native_2_4,256,2483.1765364521757,2977.4841860347283,2830.6961141658344,1.1399496059229746,0.950700637619715,,,,,,,,
data\runpod_a100_deploy_audit_20260512\linear_sweep_a100_b256.json,A100,NVIDIA A100 80GB PCIe,2.4.1+cu124,deits_cast_24_tome,linear_2_4,linear_native_2_4,256,5237.850844774821,6430.372030292347,5547.111549623125,1.0590434348005187,0.8626423982145454,,,,,,,,
data\runpod_a100_deploy_audit_20260512\linear_sweep_a100_b256.json,A100,NVIDIA A100 80GB PCIe,2.4.1+cu124,deitt_cast_24_tome,linear_2_4,linear_native_2_4,256,9278.331569853635,11534.823841944282,10780.044259810371,1.1618515870715347,0.9345651400943555,,,,,,,,
data\runpod_a100_deploy_audit_20260512\linear_sweep_a100_b256.json,A100,NVIDIA A100 80GB PCIe,2.4.1+cu124,convnextv2_cast_24,linear_2_4,linear_native_2_4,256,1045.8719634056126,1556.924282179868,1125.684962630686,1.0763123996222088,0.7230184380287276,,,,,,,,
data\runpod_a100_deploy_audit_20260512\conv_all_a100_b128.json,A100,NVIDIA A100 80GB PCIe,2.4.1+cu124,resnet50_cast_conv_perm,conv_flat_2_4,conv_im2col_native_2_4,128,,,,,,,2920.5607519341806,836.3246038226777,954.6502853813951,1.1414829613021948,0.32687225723661634,0.00771784782409668,0.0011515641817823052
data\runpod_a100_deploy_audit_20260512\conv_all_a100_b128.json,A100,NVIDIA A100 80GB PCIe,2.4.1+cu124,resnet50d_cast_conv_perm,conv_flat_2_4,conv_im2col_native_2_4,128,,,,,,,2889.1380519053137,764.9447265361229,831.111516222739,1.0864987853256238,0.2876676369530497,0.006583452224731445,0.0009902336169034243
data\runpod_a100_deploy_audit_20260512\conv_all_a100_b128.json,A100,NVIDIA A100 80GB PCIe,2.4.1+cu124,resnet101d_cast_conv_perm,conv_flat_2_4,conv_im2col_native_2_4,128,,,,,,,1458.083042222376,383.87775377317433,425.9654987875741,1.1096384059787654,0.2921407673312814,0.006695091724395752,0.0015247388510033488
data\runpod_a100_deploy_audit_20260512\conv_all_a100_b128.json,A100,NVIDIA A100 80GB PCIe,2.4.1+cu124,resnet152d_cast_conv_perm,conv_flat_2_4,conv_im2col_native_2_4,128,,,,,,,1120.8801986438439,271.4623612258168,302.3877783055523,1.1139215651852747,0.26977707222539227,0.007373332977294922,0.0009769084863364697
