row_id,architecture,method,top1_pct,delta_pp,dense_macs_paper,mac_reduction_pct,theoretical_mac_speedup_x,best_a40_deploy_speedup_x,checkpoint_exists_local,checkpoint_status,tensor_weight_sparsity,native_linear_2_4_convertible_exact,conv_flat_2_4_exact,conv_tensorrt_2_4_exact,deployability_class,checkpoint_path
vitb_magnitude_24_tome,ViT-B/16,Magnitude 2:4 + ToMe,82.92,-2.19,17.56G,59.81,2.488,,True,stage-1/pre-FT 2:4 artifact located; final post-FT magnitude checkpoint not located locally,0.4966,True,False,,native_2_4_pattern_audited_but_final_checkpoint_missing,C:\Users\owner\Downloads\cast_2e_resnet_review\github_archive\pod1_complete\best_pod1_ckpts\ckpts\vitb\D24_dense_perm.pt
vitb_cast_24_tome,ViT-B/16,CAST 2:4 + ToMe,83.41,-1.7,17.56G,59.81,2.488,1.365,True,final post-FT checkpoint located,0.4966,True,False,,native_linear_2_4_measured,C:\Users\owner\v11_pod_debug\cast_canonical_local\vit_base_canonical_cast_20260504T170942Z\ft_phase\checkpoints\vit_base_patch16_224.augreg2_in21k_ft_in1k_cast2e_2to4_tome_r8_post_ft.pt
vitb_cast_612,ViT-B/16,CAST 6:12 SER+alpha=0.5 (no ToMe),83.74,-1.37,17.56G,50.0,2.0,,True,final post-FT checkpoint located,0.4966,False,False,,structured_mac_accounting_only_not_native_2_4,C:\Users\owner\Downloads\cast_results_2026_05_10\pod1_vitb_ft_D612_ser_a05\student_final.pt
vitl_cast_24_tome,ViT-L/16,CAST 2:4 + ToMe,84.37,-1.47,61.55G,60.0,2.5,1.366,True,final post-FT checkpoint located,0.4987,True,False,,native_linear_2_4_measured,C:\Users\owner\Downloads\cast_2e_resnet_review\checkpoints_for_drive\vitl_canonical\vit_large_patch16_224.augreg_in21k_ft_in1k_cast2e_2to4_tome_r8_post_ft.pt
vitl_cast_816,ViT-L/16,CAST 8:16 dense+perm (no ToMe),85.33,-0.51,61.55G,50.0,2.0,,True,epoch-2 checkpoint located; final_eval reports epoch-3 top-1 but final post-FT weights are unavailable locally,0.4987,False,False,,structured_mac_accounting_only_final_checkpoint_missing,C:\Users\owner\Downloads\cast_results_2026_05_10\pod1_vitl_d816_dense\student_ep2.pt
deitb_cast_24_tome,DeiT-B,CAST 2:4 + ToMe,80.48,-1.32,17.56G,59.81,2.488,1.365,True,final post-FT checkpoint located,0.4966,True,False,,native_linear_2_4_measured,C:\Users\owner\v11_pod_debug\cast_canonical_local\deit_base_cast_20260505T065522Z\ft_phase\checkpoints\deit_base_patch16_224.fb_in1k_cast2e_2to4_tome_r8_post_ft.pt
deits_cast_24_tome,DeiT-S,CAST 2:4 + ToMe,76.96,-2.89,4.61G,59.81,2.488,1.376,True,final post-FT checkpoint located,0.4933,True,False,,native_linear_2_4_measured,C:\Users\owner\v11_pod_debug\cast_canonical_local\deit_small_cast_20260505T032704Z\ft_phase\checkpoints\deit_small_patch16_224.fb_in1k_cast2e_2to4_tome_r8_post_ft.pt
deitt_cast_24_tome,DeiT-T,CAST 2:4 + ToMe,65.93,-6.28,1.26G,59.81,2.488,1.332,True,final post-FT checkpoint located,0.4869,True,False,,native_linear_2_4_measured_but_slower,C:\Users\owner\v11_pod_debug\cast_canonical_local\deit_tiny_cast_20260505T003151Z\ft_phase\checkpoints\deit_tiny_patch16_224_cast2e_2to4_tome_r8_post_ft.pt
resnet50_cast_conv,ResNet50,CAST-conv,73.14,-2.99,4.09G,48.5,1.942,,False,paper validation number located in logs; final checkpoint not located locally,,,,,conv_structured_mac_accounting_only_checkpoint_missing,
resnet50_cast_conv_perm,ResNet50,CAST-conv+perm,75.67,-0.46,4.09G,48.5,1.942,1.7,True,final post-FT checkpoint located,0.4597,False,True,False,conv_structured_mac_accounting_only_not_native_sparse_kernel,C:\Users\owner\Downloads\cast_2e_resnet_review\checkpoints_for_drive\4resnet_2_4_cert_1_resnet50.tv_in1k\epoch3.pt
resnet50_cast_816,ResNet50,CAST 8:16 dense+perm,75.87,-0.26,4.09G,50.0,2.0,,True,final post-FT checkpoint located,0.4597,False,False,False,conv_structured_mac_accounting_only_not_native_2_4,C:\Users\owner\Downloads\cast_results_2026_05_10\pod3_4resnet_8_16_chain\resnet50.tv_in1k\student_final.pt
resnet50d_cast_conv,ResNet50d,CAST-conv,78.08,-2.47,4.33G,49.85,1.994,,False,paper validation number located in final_eval; checkpoint not present in local artifact directory,,,,,conv_structured_mac_accounting_only_checkpoint_missing,
resnet50d_cast_conv_perm,ResNet50d,CAST-conv+perm,78.0,-2.55,4.33G,49.85,1.994,1.496,True,final post-FT checkpoint located,0.4599,False,True,False,conv_structured_mac_accounting_only_not_native_sparse_kernel,C:\Users\owner\Downloads\cast_2e_resnet_review\checkpoints_for_drive\4resnet_2_4_cert_2_resnet50d.ra2_in1k\epoch3.pt
resnet50d_cast_816,ResNet50d,CAST 8:16 dense+perm,78.57,-1.98,4.33G,50.0,2.0,,True,final post-FT checkpoint located,0.4599,False,False,False,conv_structured_mac_accounting_only_not_native_2_4,C:\Users\owner\Downloads\cast_results_2026_05_10\pod3_4resnet_8_16_chain\resnet50d.ra2_in1k\student_final.pt
resnet101d_cast_conv,ResNet101d,CAST-conv,80.13,-2.13,8.0G,50.0,2.0,,False,paper validation number located in logs; final checkpoint not located locally,,,,,conv_structured_mac_accounting_only_checkpoint_missing,
resnet101d_cast_conv_perm,ResNet101d,CAST-conv+perm,80.59,-1.67,8.0G,50.0,2.0,1.568,True,final post-FT checkpoint located,0.477,False,True,False,conv_structured_mac_accounting_only_not_native_sparse_kernel,C:\Users\owner\Downloads\cast_2e_resnet_review\checkpoints_for_drive\4resnet_2_4_cert_3_resnet101d.ra2_in1k\epoch3.pt
resnet101d_cast_816,ResNet101d,CAST 8:16 dense+perm,80.92,-1.34,8.0G,50.0,2.0,,True,final post-FT checkpoint located,0.477,False,False,False,conv_structured_mac_accounting_only_not_native_2_4,C:\Users\owner\Downloads\cast_results_2026_05_10\pod3_4resnet_8_16_chain\resnet101d.ra2_in1k\student_final.pt
resnet152d_cast_conv_perm,ResNet152d,CAST-conv+perm,81.33,-1.53,11.8G,50.0,2.0,1.617,True,final post-FT checkpoint located,0.4829,False,True,False,conv_structured_mac_accounting_only_not_native_sparse_kernel,C:\Users\owner\Downloads\cast_2e_resnet_review\checkpoints_for_drive\4resnet_2_4_cert_4_resnet152d.ra2_in1k\epoch3.pt
convnextv2_cast_24,ConvNeXtV2-Base,CAST 2:4 cert + free-restore,85.47,-1.25,15.4G,50.0,2.0,1.257,True,final post-FT checkpoint located,0.4794,True,False,False,native_linear_2_4_measured,C:\Users\owner\Downloads\cast_2e_resnet_review\checkpoints_for_drive\convnextv2_canonical\convnextv2_base.fcmae_ft_in22k_in1k_cast2e_2to4_tome_r0_post_ft.pt
convnextv2_cast_1216,ConvNeXtV2-Base,CAST 12:16 dense+perm (25% sparse),86.35,-0.37,15.4G,25.0,1.333,,True,"final post-FT checkpoint located, but tensor audit shows no zeros in saved weights",0.0,False,False,False,accuracy_row_checkpoint_saved_dense_no_sparse_weights,C:\Users\owner\Downloads\cast_2e_resnet_review\checkpoints_for_drive\convnextv2_d1216\convnextv2_base.fcmae_ft_in22k_in1k_cast2e_d1216_tome_r0_post_ft.pt
convnextv2_cast_816,ConvNeXtV2-Base,CAST 8:16 dense+perm (50% sparse),85.85,-0.87,15.4G,50.0,2.0,,True,"final post-FT checkpoint located, but tensor audit shows no zeros in saved weights",0.0,False,False,False,accuracy_row_checkpoint_saved_dense_no_sparse_weights,C:\Users\owner\Downloads\cast_2e_resnet_review\checkpoints_for_drive\convnextv2_d816\convnextv2_base.fcmae_ft_in22k_in1k_cast2e_d816_tome_r0_post_ft.pt
