path,expected_k,expected_n,sparsity_over_weight_tensors,linear_native_2_4_exact,linear_native_2_4_convertible_exact,conv_flat_2_4_exact,expected_kn_exact,native_deployability_interpretation,linear_native_2_4_eligible_layers,linear_native_2_4_convertible_layers,linear_native_2_4_unsupported_shape_layers,linear_native_2_4_unsupported_shape_params,linear_native_2_4_bad_groups,conv_flat_2_4_eligible_layers,conv_flat_2_4_bad_groups,expected_kn_eligible_layers,expected_kn_bad_groups,seconds
C:\Users\owner\Downloads\cast_2e_resnet_review\github_archive\pod1_complete\best_pod1_ckpts\ckpts\vitb\D24_dense_perm.pt,2,4,0.4965824136703453,True,True,False,False,native_linear_2_4_candidate_with_skipped_shapes,49,48,1,768000,0,1,147456,50,147456,13.214138984680176
C:\Users\owner\v11_pod_debug\cast_canonical_local\vit_base_canonical_cast_20260504T170942Z\ft_phase\checkpoints\vit_base_patch16_224.augreg2_in21k_ft_in1k_cast2e_2to4_tome_r8_post_ft.pt,2,4,0.4965824136703453,True,True,False,False,native_linear_2_4_candidate_with_skipped_shapes,49,48,1,768000,0,1,147456,50,147456,10.678681373596191
C:\Users\owner\Downloads\cast_results_2026_05_10\pod1_vitb_ft_D612_ser_a05\student_final.pt,6,12,0.4965824136703453,False,False,False,False,not_native_linear_2_4,49,48,1,768000,12112485,1,147456,50,49152,7.229277610778809
C:\Users\owner\Downloads\cast_2e_resnet_review\checkpoints_for_drive\vitl_canonical\vit_large_patch16_224.augreg_in21k_ft_in1k_cast2e_2to4_tome_r8_post_ft.pt,2,4,0.49870567614938655,True,True,False,False,native_linear_2_4_candidate_with_skipped_shapes,97,96,1,1024000,0,1,196608,98,196608,57.59316372871399
C:\Users\owner\Downloads\cast_results_2026_05_10\pod1_vitl_d816_dense\student_ep2.pt,8,16,0.49870567614938655,False,False,False,False,not_native_linear_2_4,97,96,1,1024000,45612540,1,196608,98,49152,48.142518520355225
C:\Users\owner\v11_pod_debug\cast_canonical_local\deit_base_cast_20260505T065522Z\ft_phase\checkpoints\deit_base_patch16_224.fb_in1k_cast2e_2to4_tome_r8_post_ft.pt,2,4,0.4965824136703453,True,True,False,False,native_linear_2_4_candidate_with_skipped_shapes,49,48,1,768000,0,1,147456,50,147456,20.19888138771057
C:\Users\owner\v11_pod_debug\cast_canonical_local\deit_small_cast_20260505T032704Z\ft_phase\checkpoints\deit_small_patch16_224.fb_in1k_cast2e_2to4_tome_r8_post_ft.pt,2,4,0.49327071358474694,True,True,False,False,native_linear_2_4_candidate_with_skipped_shapes,49,48,1,384000,0,1,73728,50,73728,6.283618688583374
C:\Users\owner\v11_pod_debug\cast_canonical_local\deit_tiny_cast_20260505T003151Z\ft_phase\checkpoints\deit_tiny_patch16_224_cast2e_2to4_tome_r8_post_ft.pt,2,4,0.4869458797933097,True,True,False,False,native_linear_2_4_candidate_with_skipped_shapes,49,48,1,192000,0,1,36864,50,36864,1.5841014385223389
C:\Users\owner\Downloads\cast_2e_resnet_review\checkpoints_for_drive\4resnet_2_4_cert_1_resnet50.tv_in1k\epoch3.pt,2,4,0.45966903701036177,False,False,True,False,not_native_linear_2_4,1,0,1,2048000,512000,52,0,53,512000,6.5871076583862305
C:\Users\owner\Downloads\cast_2e_resnet_review\checkpoints_for_drive\4resnet_2_4_cert_2_resnet50d.ra2_in1k\epoch3.pt,2,4,0.45986190902787616,False,False,True,False,not_native_linear_2_4,1,0,1,2048000,512000,54,0,55,512000,6.2729315757751465
C:\Users\owner\Downloads\cast_2e_resnet_review\checkpoints_for_drive\4resnet_2_4_cert_3_resnet101d.ra2_in1k\epoch3.pt,2,4,0.47696055411012395,False,False,True,False,not_native_linear_2_4,1,0,1,2048000,512000,105,0,106,512000,9.50579571723938
C:\Users\owner\Downloads\cast_2e_resnet_review\checkpoints_for_drive\4resnet_2_4_cert_4_resnet152d.ra2_in1k\epoch3.pt,2,4,0.48294304473591254,False,False,True,False,not_native_linear_2_4,1,0,1,2048000,512000,156,0,157,512000,13.904666423797607
C:\Users\owner\Downloads\cast_results_2026_05_10\pod3_4resnet_8_16_chain\resnet50.tv_in1k\student_final.pt,8,16,0.45966327296271103,False,False,False,False,not_native_linear_2_4,1,0,1,2048000,512000,52,3704161,53,128000,3.8290698528289795
C:\Users\owner\Downloads\cast_results_2026_05_10\pod3_4resnet_8_16_chain\resnet50d.ra2_in1k\student_final.pt,8,16,0.45986085111771735,False,False,False,False,not_native_linear_2_4,1,0,1,2048000,512000,54,3704198,55,128000,3.8463492393493652
C:\Users\owner\Downloads\cast_results_2026_05_10\pod3_4resnet_8_16_chain\resnet101d.ra2_in1k\student_final.pt,8,16,0.4769593395876741,False,False,False,False,not_native_linear_2_4,1,0,1,2048000,512000,105,6710639,106,128000,6.7900779247283936
C:\Users\owner\Downloads\cast_2e_resnet_review\checkpoints_for_drive\convnextv2_canonical\convnextv2_base.fcmae_ft_in22k_in1k_cast2e_2to4_tome_r0_post_ft.pt,2,4,0.47939988158605207,True,True,False,False,native_linear_2_4_candidate_with_skipped_shapes,73,72,1,1024000,0,4,689664,77,689664,13.792907476425171
C:\Users\owner\Downloads\cast_2e_resnet_review\checkpoints_for_drive\convnextv2_d1216\convnextv2_base.fcmae_ft_in22k_in1k_cast2e_d1216_tome_r0_post_ft.pt,12,16,0.0,False,False,False,False,not_native_linear_2_4,73,72,1,1024000,21194752,4,689664,77,5471104,12.833612442016602
C:\Users\owner\Downloads\cast_2e_resnet_review\checkpoints_for_drive\convnextv2_d816\convnextv2_base.fcmae_ft_in22k_in1k_cast2e_d816_tome_r0_post_ft.pt,8,16,0.0,False,False,False,False,not_native_linear_2_4,73,72,1,1024000,21194752,4,689664,77,5471104,14.097031593322754
